,date,wsj,price
0,0,0.0,85.66999816894531
1,3,0.0,83.3499984741211
2,4,0.0,81.72000122070312
3,5,0.0,81.70999908447266
4,6,0.0,82.69999694824219
5,7,0.0,81.22000122070312
6,10,0.0,78.05000305175781
7,11,0.0,77.77999877929688
8,12,0.0,78.38999938964844
9,13,0.0,76.62999725341797
10,14,-0.2732,81.33000183105469
11,18,0.0,80.4800033569336
12,19,0.0,82.20999908447266
13,20,0.0,82.13999938964844
14,21,0.0,82.0
15,24,0.0,83.68000030517578
16,25,0.0,84.55000305175781
17,26,0.0,80.75
18,27,0.0,81.9000015258789
19,28,0.0,82.38999938964844
20,31,0.0,84.63999938964844
21,32,0.0,87.08000183105469
22,33,0.0,84.55000305175781
23,34,0.0,85.91999816894531
24,35,0.0,86.16000366210938
25,38,0.0,85.81999969482422
26,39,0.0,85.22000122070312
27,40,0.0,84.7300033569336
28,41,0.0,85.95999908447266
29,42,0.0,88.37999725341797
30,46,0.0,88.88999938964844
31,47,0.0,87.73999786376953
32,48,0.0,86.9800033569336
33,49,0.0,85.87999725341797
34,52,0.0,85.54000091552734
35,53,0.0,85.30999755859375
36,54,0.0,85.20999908447266
37,55,0.0,83.88999938964844
38,56,0.0,84.16000366210938
39,59,0.0,84.62000274658203
40,60,0.0,84.91000366210938
41,61,0.0,85.13999938964844
42,62,0.0,84.81999969482422
43,63,0.0,83.11000061035156
44,66,0.0,82.36000061035156
45,67,0.0,81.30999755859375
46,68,0.0,81.2699966430664
47,69,0.0,80.94000244140625
48,70,0.0,80.41999816894531
49,73,0.0,81.26000213623047
50,74,0.0,80.47000122070312
51,75,0.0,82.05000305175781
52,76,0.0,81.01000213623047
53,77,0.0,82.37000274658203
54,80,0.0,82.0
55,81,0.0,81.8499984741211
56,82,0.0,83.29000091552734
57,83,0.0,83.16000366210938
58,84,0.0,83.30999755859375
59,87,0.0,84.4800033569336
60,88,0.0,83.44000244140625
61,89,0.0,84.27999877929688
62,90,0.0,84.38999938964844
63,94,0.0,85.91000366210938
64,95,0.0,86.2699966430664
65,96,0.0,86.12000274658203
66,97,0.0,88.44999694824219
67,98,0.0,89.11000061035156
68,101,0.0,88.0199966430664
69,102,0.0,88.80000305175781
70,103,0.0,92.0
71,104,0.0,91.88999938964844
72,105,0.2263,92.86000061035156
73,108,0.0,92.47000122070312
74,109,0.0,91.29000091552734
75,110,0.0,92.16000366210938
76,111,0.0,93.05000305175781
77,112,0.0,91.61000061035156
78,115,0.0,92.33000183105469
79,116,0.0,92.66000366210938
80,117,0.0,94.27999877929688
81,118,0.0,94.61000061035156
82,119,0.0,93.0
83,122,0.0,92.9800033569336
84,123,0.0,92.04000091552734
85,124,0.0,92.2699966430664
86,125,0.0,90.2300033569336
87,126,0.0,92.43000030517578
88,129,0.0,91.7699966430664
89,130,0.0,92.47000122070312
90,131,0.0,92.51000213623047
91,132,0.0,92.16999816894531
92,133,0.0,92.13999938964844
93,136,0.0,92.75
94,137,0.0,90.55999755859375
95,138,0.0,90.75
96,139,0.0,92.02999877929688
97,140,0.0,92.0199966430664
98,144,0.0,90.73999786376953
99,145,0.0,91.0
100,146,0.0,90.6500015258789
101,147,0.0,90.7699966430664
102,150,0.0,90.6500015258789
103,151,0.0,91.5
104,152,0.0,91.36000061035156
105,153,0.0,90.06999969482422
106,154,0.0,90.16999816894531
107,157,0.0,89.37000274658203
108,158,0.0,89.86000061035156
109,159,0.0,91.62999725341797
110,160,0.0,90.66999816894531
111,161,0.0,90.1500015258789
112,164,0.0,89.43000030517578
113,165,0.0,89.69000244140625
114,166,0.0,89.66999816894531
115,167,0.0,88.62999725341797
116,168,0.0,86.62000274658203
117,171,0.0,86.97000122070312
118,172,0.0,88.0
119,173,0.0,87.51000213623047
120,174,0.0,86.66999816894531
121,175,0.0,86.66999816894531
122,178,0.0,85.66000366210938
123,179,0.0,86.19000244140625
124,180,0.0,84.30000305175781
125,181,0.0,84.01000213623047
126,185,0.0,83.48999786376953
127,186,0.0,84.19999694824219
128,187,0.0,82.91999816894531
129,188,0.0,83.55000305175781
130,189,0.0,83.95999908447266
131,192,0.0,84.29000091552734
132,193,0.0,85.29000091552734
133,194,0.0,83.62999725341797
134,195,0.0,83.88999938964844
135,196,0.0,83.70999908447266
136,199,0.0,83.5199966430664
137,200,0.0,84.30000305175781
138,201,0.0,85.26000213623047
139,202,0.0,86.0199966430664
140,203,0.0,82.9000015258789
141,206,0.0,81.76000213623047
142,207,0.0,82.5
143,208,0.0,83.88999938964844
144,209,0.0,83.5199966430664
145,210,0.0,82.81999969482422
146,213,0.0,82.08000183105469
147,214,0.0,82.2699966430664
148,215,0.0,82.5
149,216,0.0,83.58999633789062
150,217,-0.3182,82.25
151,220,0.0,84.44000244140625
152,221,0.0,84.36000061035156
153,222,0.0,84.83000183105469
154,223,0.0,84.08999633789062
155,224,0.0,83.86000061035156
156,227,0.0,83.5
157,228,0.0,83.1500015258789
158,229,0.0,80.66999816894531
159,230,0.0,79.44000244140625
160,231,0.0,77.5
161,234,0.0,73.87000274658203
162,235,0.0,72.5199966430664
163,236,0.0,70.08999633789062
164,237,0.0,73.8499984741211
165,238,0.0,76.05999755859375
166,241,0.0,77.37000274658203
167,242,0.0,75.41999816894531
168,243,0.0,75.41000366210938
169,244,0.0,76.26000213623047
170,245,0.0,75.0
171,249,0.0,75.54000091552734
172,250,0.0,74.4000015258789
173,251,0.0,74.06999969482422
174,252,0.0,73.69999694824219
175,255,0.0,72.83999633789062
176,256,0.0,73.58999633789062
177,257,0.0,76.16000366210938
178,258,-0.3612,75.30000305175781
179,259,0.0,72.54000091552734
180,262,0.0,72.87000274658203
181,263,0.0,72.56999969482422
182,264,0.0,71.94000244140625
183,265,0.0,72.69000244140625
184,266,0.0,72.9000015258789
185,269,0.0,69.37000274658203
186,270,0.0,69.0999984741211
187,271,0.0,68.97000122070312
188,272,0.0,67.6500015258789
189,273,0.0,70.31999969482422
190,276,0.0,72.08999633789062
191,277,0.0,73.94000244140625
192,278,0.0,75.3499984741211
193,279,0.0,76.63999938964844
194,280,0.0,76.36000061035156
195,283,0.0,74.94000244140625
196,284,0.0,74.63999938964844
197,285,0.0,75.01000213623047
198,286,0.04190000000000002,76.16000366210938
199,287,0.11870000000000003,74.51000213623047
200,290,-0.5859,74.13999938964844
201,291,0.0,75.55000305175781
202,292,0.0,75.62999725341797
203,293,0.0,78.26000213623047
204,294,0.0,78.3499984741211
205,297,0.0,77.1500015258789
206,298,0.0,76.94999694824219
207,299,0.0,79.12999725341797
208,300,0.0,78.69000244140625
209,301,0.0,78.16000366210938
210,304,0.0,79.43000030517578
211,305,0.0,81.5199966430664
212,306,0.0,80.30999755859375
213,307,0.0,78.80000305175781
214,308,0.0,79.05999755859375
215,311,0.0,77.91000366210938
216,312,0.0,78.7699966430664
217,313,0.0,77.62999725341797
218,314,0.0,76.5999984741211
219,315,0.0,76.13999938964844
220,318,0.0,78.33000183105469
221,319,0.0,76.73999786376953
222,320,0.0,78.55000305175781
223,321,0.0,77.91999816894531
224,322,0.0,77.1500015258789
225,325,0.0,77.22000122070312
226,326,0.0,78.18000030517578
227,327,0.0,77.52999877929688
228,329,0.0,77.33000183105469
229,332,0.0,77.1500015258789
230,333,0.0,78.16999816894531
231,334,0.0,75.80999755859375
232,335,0.0,74.80999755859375
233,336,0.0,74.70999908447266
234,339,0.0,72.80000305175781
235,340,0.0,71.5
236,341,0.0,72.12000274658203
237,342,0.0,71.4800033569336
238,343,0.0,69.81999969482422
239,346,0.0,70.0199966430664
240,347,0.0,71.83999633789062
241,348,0.0,71.22000122070312
242,349,0.0,69.19999694824219
243,350,0.0,67.33999633789062
244,353,0.0,67.94999694824219
245,354,0.0,69.48999786376953
246,355,0.0,71.01000213623047
247,356,0.0,70.52999877929688
248,360,0.0,70.41999816894531
249,361,0.0,70.51000213623047
250,362,0.0,69.63999938964844
251,363,0.0,69.75
252,367,0.0,69.18000030517578
253,368,0.0,69.5
254,369,0.0,67.69999694824219
255,370,0.0,66.19000244140625
256,371,0.0,65.08000183105469
257,374,0.0,64.83000183105469
258,375,0.0,64.73999786376953
259,376,0.0,63.95000076293945
260,377,0.0,64.68000030517578
261,378,0.0,63.0099983215332
262,382,0.0,62.81999969482422
263,383,0.0,61.060001373291016
264,384,0.0,61.45000076293945
265,385,0.0,65.19999694824219
266,388,0.51705,63.29999923706055
267,389,0.0,65.33000183105469
268,390,-0.296,65.55000305175781
269,391,0.0,69.51000213623047
270,392,0.0,72.2699966430664
271,395,0.0,71.45999908447266
272,396,0.0,68.83999633789062
273,397,0.0,70.83000183105469
274,398,0.0,70.54000091552734
275,399,0.0,68.80999755859375
276,402,0.0,69.77999877929688
277,403,0.0,67.80000305175781
278,404,0.0,67.7300033569336
279,405,0.0,68.83000183105469
280,406,0.0,70.30999755859375
281,410,0.0,71.75
282,411,0.0,72.93000030517578
283,412,0.0,72.68000030517578
284,413,0.0,72.87000274658203
285,416,0.0,74.37000274658203
286,417,0.0,72.08000183105469
287,418,0.0,72.20999908447266
288,419,0.0,72.3499984741211
289,420,0.0,72.47000122070312
290,423,0.0,71.72000122070312
291,424,0.0,74.01000213623047
292,425,0.0,74.41000366210938
293,426,0.0,74.8499984741211
294,427,0.296,74.83000183105469
295,430,0.0,76.16000366210938
296,431,0.0,72.69999694824219
297,432,0.0,72.75
298,433,0.0,73.18000030517578
299,434,0.0,75.0
300,437,0.0,73.44000244140625
301,438,0.0,73.2300033569336
302,439,0.0,73.3499984741211
303,440,0.0,74.54000091552734
304,441,0.0,73.5199966430664
305,444,0.0,74.88999938964844
306,445,0.0,73.61000061035156
307,446,0.0,72.95999908447266
308,447,0.0,72.58000183105469
309,451,0.0,72.80000305175781
310,452,0.0,73.0
311,453,0.0,74.41000366210938
312,454,0.0,73.75
313,455,0.0,72.12000274658203
314,458,0.36755,72.63999938964844
315,459,0.07543333333333334,72.66000366210938
316,460,0.0,73.16000366210938
317,461,0.0,72.01000213623047
318,462,0.0,73.8499984741211
319,465,0.0,73.87999725341797
320,466,0.0,75.9000015258789
321,467,0.0,77.37000274658203
322,468,0.0,77.16000366210938
323,469,0.0,76.26000213623047
324,472,0.0,77.44999694824219
325,473,0.0,79.63999938964844
326,474,0.0,81.0999984741211
327,475,0.25,80.2699966430664
328,476,0.0,79.93000030517578
329,479,0.0,78.7699966430664
330,480,0.0,79.19999694824219
331,481,0.6908,80.5999984741211
332,482,0.0,79.77999877929688
333,483,0.0,80.33999633789062
334,486,0.25,79.4000015258789
335,487,-0.18076666666666666,77.2300033569336
336,488,0.0,75.7300033569336
337,489,0.0,75.4000015258789
338,490,0.0,75.12000274658203
339,493,0.0,72.7699966430664
340,494,0.0,74.26000213623047
341,495,0.0,73.80999755859375
342,496,0.0,74.08999633789062
343,497,0.0,72.43000030517578
344,500,0.0,74.0
345,501,0.0,74.87999725341797
346,502,0.0,73.16999816894531
347,503,0.0,74.19999694824219
348,504,0.0,74.95999908447266
349,507,0.0,75.01000213623047
350,508,0.0,75.62000274658203
351,509,0.0,77.91000366210938
352,510,0.0,77.87999725341797
353,511,0.3818,77.16999816894531
354,515,-0.4939,76.30000305175781
355,516,0.0,75.86000061035156
356,517,0.0,75.44999694824219
357,518,0.6486,75.62999725341797
358,521,-0.20095,79.08999633789062
359,522,0.0,80.0999984741211
360,523,0.0,80.80999755859375
361,524,0.0,79.95999908447266
362,525,0.0,78.52999877929688
363,528,0.0,77.63999938964844
364,529,0.0,77.45999908447266
365,530,0.0,76.8499984741211
366,531,0.0,76.33999633789062
367,532,0.0,77.5
368,535,0.4019,77.58999633789062
369,536,0.0,78.5199966430664
370,537,0.0,78.2699966430664
371,538,0.0,79.58999633789062
372,539,0.0,76.66000366210938
373,542,0.0,75.06999969482422
374,543,-0.2732,76.62999725341797
375,544,0.0,77.83000183105469
376,545,0.0,79.08000183105469
377,546,0.0,79.5199966430664
378,550,0.0,77.62999725341797
379,551,0.0,78.05999755859375
380,552,0.4005,77.69999694824219
381,553,0.0,78.73999786376953
382,556,0.0,78.0199966430664
383,557,0.0,79.6500015258789
384,558,0.0,78.87999725341797
385,559,0.5859,79.0999984741211
386,560,0.0,79.3499984741211
387,563,0.0,79.69999694824219
388,564,0.0,79.80999755859375
389,565,-0.1655,80.5999984741211
390,566,-0.38906666666666667,80.0199966430664
391,567,-0.209225,81.61000061035156
392,570,0.0,80.70999908447266
393,571,0.16186666666666666,80.5999984741211
394,572,0.0,79.87999725341797
395,573,0.010899999999999984,79.05000305175781
396,574,-0.12040000000000001,80.5199966430664
397,577,0.0,78.45999908447266
398,578,0.5922666666666667,78.88999938964844
399,579,0.0,79.62000274658203
400,580,0.29485,80.38999938964844
401,581,0.13820000000000002,81.19999694824219
402,584,-0.277875,82.5
403,585,0.4005,81.83000183105469
404,586,0.37611666666666665,80.8499984741211
405,587,0.0,81.5
406,588,-0.05654999999999999,81.19999694824219
407,591,0.033400000000000006,82.04000091552734
408,592,0.0,81.91999816894531
409,593,0.17171666666666666,82.20999908447266
410,594,0.8074,83.86000061035156
411,595,0.0,83.30999755859375
412,598,0.09143333333333332,82.05000305175781
413,599,-0.4588,81.75
414,600,0.4063,81.33000183105469
415,601,0.2732,81.33999633789062
416,602,0.23726000000000003,80.9000015258789
417,605,0.027500000000000007,81.13999938964844
418,606,-0.03437999999999999,80.63999938964844
419,607,-0.22385,79.0
420,608,0.2524,78.95999908447266
421,609,0.22326666666666664,78.55000305175781
422,613,0.3125166666666667,78.77999877929688
423,614,0.23393333333333333,78.61000061035156
424,615,0.043733333333333346,79.37999725341797
425,616,0.142975,77.55999755859375
426,619,0.12014285714285715,78.80000305175781
427,620,0.0,77.08000183105469
428,621,-0.4243,76.37000274658203
429,622,-0.15603333333333333,76.80000305175781
430,623,0.0683,76.33000183105469
431,626,0.0674,75.95999908447266
432,627,-0.16885,75.37000274658203
433,628,0.0908,76.55999755859375
434,629,0.13132000000000002,77.01000213623047
435,630,0.3612,75.91999816894531
436,633,0.39726666666666666,75.58000183105469
437,634,0.3557666666666666,75.33000183105469
438,635,-0.20701999999999998,78.01000213623047
439,636,0.4329,77.37000274658203
440,637,0.0779,78.63999938964844
441,640,0.0,78.9000015258789
442,641,0.0,78.54000091552734
443,642,0.27076666666666666,80.1500015258789
444,643,0.041374999999999995,81.41999816894531
445,644,0.0,81.30999755859375
446,647,0.57925,82.33000183105469
447,648,0.0,81.69000244140625
448,649,-0.0347,81.44000244140625
449,650,0.26854999999999996,81.52999877929688
450,651,0.12916666666666665,81.31999969482422
451,654,0.21634000000000003,80.9800033569336
452,655,0.021536363636363656,81.38999938964844
453,656,0.411475,83.44000244140625
454,657,0.1885625,82.98999786376953
455,658,-0.007147058823529412,80.47000122070312
456,661,0.12132500000000002,80.30999755859375
457,662,0.022628571428571425,80.22000122070312
458,663,0.1855,80.0199966430664
459,664,-0.068975,79.5999984741211
460,665,-0.11238000000000001,79.19999694824219
461,668,0.15654736842105263,78.2300033569336
462,669,0.01568571428571427,78.69999694824219
463,670,0.4672,77.76000213623047
464,671,0.7351,78.45999908447266
465,672,-0.11315,77.83999633789062
466,675,0.041999999999999996,79.75
467,676,-0.46923333333333334,79.83999633789062
468,677,0.0967125,79.94000244140625
469,678,0.41425,79.87999725341797
470,679,-0.142975,78.66000366210938
471,682,0.218,78.70999908447266
472,683,0.16125,81.16000366210938
473,684,-0.03867499999999999,81.04000091552734
474,685,0.02933333333333334,80.0999984741211
475,686,-0.3239,80.0
476,689,0.23404999999999998,81.70999908447266
477,690,0.54915,81.5
478,691,0.589,81.4000015258789
479,693,0.10212000000000002,81.29000091552734
480,696,-0.0021599999999999953,81.05999755859375
481,697,-0.05103333333333334,79.91999816894531
482,698,0.244025,84.05000305175781
483,699,-0.056575,84.61000061035156
484,700,0.053000000000000005,85.01000213623047
485,703,0.35233333333333333,84.43000030517578
486,704,0.06743333333333333,83.95999908447266
487,705,0.4168,84.3499984741211
488,706,0.50995,84.47000122070312
489,707,0.0,84.77999877929688
490,710,0.0,85.01000213623047
491,711,0.1366,86.12999725341797
492,712,-0.211275,85.16000366210938
493,713,0.0,85.27999877929688
494,714,0.36752,85.5
495,717,0.15293333333333334,85.12000274658203
496,718,0.14675,85.27999877929688
497,719,0.2732,86.16000366210938
498,720,0.2732,86.37999725341797
499,721,0.06659999999999999,85.51000213623047
500,725,0.1638166666666667,85.44000244140625
501,726,-0.3612,84.62999725341797
502,727,0.0,84.19999694824219
503,728,-0.7125,83.94999694824219
504,732,0.0,84.80000305175781
505,733,0.19052,85.43000030517578
506,734,-0.19063333333333332,85.30000305175781
507,735,0.07509999999999999,86.4800033569336
508,738,0.3568,85.7699966430664
509,739,0.44405000000000006,84.5999984741211
510,740,0.244,85.66000366210938
511,741,0.09738571428571428,85.33000183105469
512,742,0.032766666666666666,84.81999969482422
513,746,0.22605555555555557,86.43000030517578
514,747,0.1744,87.4800033569336
515,748,-0.025777777777777774,87.19999694824219
516,749,0.14217777777777776,86.48999786376953
517,752,-0.024465000000000004,84.2699966430664
518,753,-0.026059999999999982,84.58000183105469
519,754,0.22893636363636363,85.51000213623047
520,755,0.05595714285714286,84.87999725341797
521,756,0.4122,84.5
522,759,0.50222,83.61000061035156
523,760,0.296,83.70999908447266
524,761,0.555,83.16999816894531
525,762,0.03423333333333333,82.44000244140625
526,763,-0.28595,82.5
527,766,0.4588,81.69000244140625
528,767,0.19316,81.06999969482422
529,768,-0.10606666666666666,81.12000274658203
530,769,-0.22296666666666667,81.20999908447266
531,770,0.0,82.16000366210938
532,773,0.0,81.81999969482422
533,774,-0.195925,82.45999908447266
534,775,0.2294,81.75
535,776,0.13075,81.12999725341797
536,777,-0.042666666666666665,80.6500015258789
537,781,-0.09663333333333333,80.68000030517578
538,782,-0.047725,79.69999694824219
539,783,-0.04822,80.47000122070312
540,784,0.20165,80.1500015258789
541,787,0.0,81.05999755859375
542,788,0.0,80.36000061035156
543,789,0.26886666666666664,82.2699966430664
544,790,0.102475,80.94999694824219
545,791,-0.2446,80.69999694824219
546,794,0.259,80.72000122070312
547,795,0.07747142857142857,79.94999694824219
548,796,0.05983333333333332,78.0999984741211
549,797,0.1854,78.69999694824219
550,798,0.0,78.69000244140625
551,801,-0.231425,78.58999633789062
552,802,0.35152,78.37999725341797
553,803,0.060399999999999995,80.25
554,804,0.2895,79.6500015258789
555,805,0.49217500000000003,79.55000305175781
556,808,-0.08360000000000001,78.91999816894531
557,809,-0.19063333333333332,78.69000244140625
558,810,0.1858,78.37999725341797
559,811,0.91,77.66999816894531
560,812,0.02761666666666666,76.95999908447266
561,815,0.1222230769230769,77.0199966430664
562,816,0.07606666666666667,78.30999755859375
563,817,0.0,78.66999816894531
564,818,0.1665,77.83999633789062
565,819,0.6940500000000001,78.0999984741211
566,822,-0.015181818181818175,77.69999694824219
567,823,0.2934333333333333,78.20999908447266
568,824,0.9493,78.30000305175781
569,825,0.03944000000000001,78.62000274658203
570,826,0.025733333333333334,78.33000183105469
571,829,0.06866,78.70999908447266
572,830,0.4215,79.6500015258789
573,831,0.0,79.56999969482422
574,832,0.6486,78.1500015258789
575,836,-0.18174,78.23999786376953
576,837,0.012316666666666679,77.93000030517578
577,838,0.44921666666666665,76.4800033569336
578,839,0.0,76.51000213623047
579,840,0.15909166666666666,74.83999633789062
580,843,0.0975818181818182,74.0999984741211
581,844,0.10982727272727272,74.08999633789062
582,845,0.22033076923076925,74.11000061035156
583,846,-0.035350000000000006,72.83999633789062
584,847,0.2553,72.58999633789062
585,850,-0.3610166666666667,72.30000305175781
586,851,0.34025999999999995,71.44999694824219
587,852,0.43590000000000007,71.52999877929688
588,853,0.16174285714285716,70.94000244140625
589,854,-0.09677777777777778,71.97000122070312
590,857,-0.19063333333333332,72.22000122070312
591,858,0.49565000000000003,72.27999877929688
592,859,0.0129,72.66999816894531
593,860,0.296,71.77999877929688
594,861,0.7142,71.0199966430664
595,864,0.11941428571428572,72.0
596,865,0.6507799999999999,71.37000274658203
597,866,0.148,70.98999786376953
598,867,0.0,71.43000030517578
599,868,0.38483333333333336,71.75
600,871,0.10794000000000001,71.88999938964844
601,872,0.12245714285714289,72.08999633789062
602,873,0.4588,71.36000061035156
603,874,0.0,69.38999938964844
604,875,-0.28595,70.08999633789062
605,879,0.14422857142857143,68.73999786376953
606,880,0.5873,69.58999633789062
607,881,0.21955,69.77999877929688
608,882,-0.1271,68.95999908447266
609,885,0.20213750000000003,69.2699966430664
610,886,0.20115,69.97000122070312
611,887,0.0,68.66999816894531
612,888,0.8074,68.30999755859375
613,889,-0.687,69.68000030517578
614,892,0.07915,69.30999755859375
615,893,0.37505,69.3499984741211
616,894,0.4497,68.18000030517578
617,895,0.0,67.33000183105469
618,896,0.8271,68.58000183105469
619,899,-0.2202,68.0999984741211
620,900,-0.11458571428571428,66.75
621,901,0.07904000000000001,65.47000122070312
622,902,0.11187999999999998,65.37000274658203
623,903,0.0,65.93000030517578
624,906,0.2344,65.88999938964844
625,907,0.09895000000000002,65.36000061035156
626,908,-0.02935,65.25
627,909,-0.17665,65.37999725341797
628,910,0.0,65.83999633789062
629,913,0.30405,66.97000122070312
630,915,0.10407499999999999,65.73999786376953
631,916,0.3933,65.12999725341797
632,917,0.184475,65.08000183105469
633,920,0.26394999999999996,65.3499984741211
634,921,0.22635714285714287,65.79000091552734
635,922,0.24914999999999998,65.58000183105469
636,923,-0.294425,66.48999786376953
637,924,0.0,66.8499984741211
638,927,0.16552222222222224,66.83000183105469
639,928,0.13227500000000003,66.18000030517578
640,929,0.29269999999999996,67.44000244140625
641,930,0.07566666666666667,67.0199966430664
642,931,0.20347894736842106,66.52999877929688
643,934,0.01181666666666667,66.41999816894531
644,935,0.027116666666666667,67.01000213623047
645,936,0.12463333333333333,66.98999786376953
646,937,0.42935999999999996,67.77999877929688
647,938,0.12874000000000002,68.45999908447266
648,941,0.264725,68.5999984741211
649,942,0.2294,69.01000213623047
650,943,0.5106,69.12999725341797
651,944,0.2571,68.22000122070312
652,945,0.0,67.54000091552734
653,948,0.3034,66.55000305175781
654,949,-0.10847500000000002,65.48999786376953
655,950,0.19899999999999998,65.48999786376953
656,951,0.23188,64.4000015258789
657,952,-0.022383333333333328,63.83000183105469
658,955,0.45199999999999996,63.95000076293945
659,956,0.21792499999999998,63.439998626708984
660,957,0.23831666666666665,63.709999084472656
661,958,-0.12036666666666668,63.029998779296875
662,959,-0.5719,63.31999969482422
663,962,0.017188888888888882,63.0
664,963,0.2376875,63.349998474121094
665,964,0.148425,63.189998626708984
666,965,0.0,62.880001068115234
667,966,0.2732,63.880001068115234
668,969,0.3959,63.45000076293945
669,970,-0.027949999999999975,63.5
670,971,0.0,63.38999938964844
671,972,0.148,63.5099983215332
672,973,0.21945,63.349998474121094
673,977,0.005160000000000009,65.0999984741211
674,978,0.14311666666666667,65.72000122070312
675,979,0.0,65.87000274658203
676,980,0.2966,64.86000061035156
677,983,0.5520999999999999,65.7699966430664
678,984,-0.04637999999999999,66.43000030517578
679,985,0.6369,66.91999816894531
680,986,0.0,67.69999694824219
681,987,0.6486,67.23999786376953
682,990,0.08656666666666667,67.87000274658203
683,991,0.6369,67.88999938964844
684,992,0.7052333333333333,67.62000274658203
685,993,0.0,68.08999633789062
686,994,0.28595,68.80000305175781
687,997,0.0,69.6500015258789
688,998,-0.015066666666666673,68.81999969482422
689,999,0.0,69.08000183105469
690,1000,0.15742499999999998,69.16000366210938
691,1001,-0.022333333333333334,69.76000213623047
692,1004,0.41065,69.31999969482422
693,1005,-0.4005666666666667,69.05999755859375
694,1006,0.5423,68.81999969482422
695,1007,0.1953666666666667,68.87000274658203
696,1008,0.2151,68.33999633789062
697,1011,0.207225,68.33000183105469
698,1012,-0.3423,68.33000183105469
699,1013,0.02313333333333332,67.73999786376953
700,1014,-0.10035,67.29000091552734
701,1015,0.0772,67.16999816894531
702,1018,0.48876,66.80000305175781
703,1019,0.3715,66.5
704,1020,0.3454,65.91000366210938
705,1021,0.2346923076923077,64.5
706,1022,0.0924875,63.150001525878906
707,1025,0.1637142857142857,61.90999984741211
708,1026,0.51876,62.439998626708984
709,1027,0.30255,63.439998626708984
710,1028,0.3585,63.369998931884766
711,1029,0.04126666666666665,63.54999923706055
712,1032,0.743,64.11000061035156
713,1033,0.283875,64.0
714,1034,0.06175000000000003,64.27999877929688
715,1035,0.0,63.25
716,1036,0.7605999999999999,63.58000183105469
717,1039,-0.119475,67.08000183105469
718,1040,0.0798,66.43000030517578
719,1041,0.743,67.05999755859375
720,1042,0.5729,66.88999938964844
721,1043,0.20605,65.73999786376953
722,1046,0.05394285714285715,65.04000091552734
723,1047,0.01786666666666666,62.779998779296875
724,1048,-0.31105,61.54999923706055
725,1049,-0.09895000000000001,61.310001373291016
726,1050,-0.01090000000000002,61.959999084472656
727,1053,-0.035039999999999995,61.720001220703125
728,1054,0.5270333333333334,61.880001068115234
729,1055,0.2394666666666667,62.13999938964844
730,1057,0.71265,61.93000030517578
731,1060,-0.05079999999999999,61.36000061035156
732,1061,0.16870000000000002,62.290000915527344
733,1062,0.3992,62.150001525878906
734,1063,0.503875,62.849998474121094
735,1064,0.35595,64.7300033569336
736,1067,0.0,64.5999984741211
737,1068,0.17684285714285713,63.45000076293945
738,1069,-0.32635000000000003,62.06999969482422
739,1070,0.7351,62.06999969482422
740,1071,0.03253333333333334,63.540000915527344
741,1074,0.054971428571428574,64.55999755859375
742,1075,0.14049999999999999,64.18000030517578
743,1076,0.0,63.29999923706055
744,1077,0.9217,62.369998931884766
745,1078,0.3803,62.09000015258789
746,1081,-0.36083333333333334,63.599998474121094
747,1082,0.6705,64.38999938964844
748,1083,0.34,65.27999877929688
749,1084,0.03773333333333332,67.86000061035156
750,1085,-0.4444,67.44000244140625
751,1089,-0.20973333333333333,67.61000061035156
752,1090,0.543925,67.91999816894531
753,1091,0.1266,67.45999908447266
754,1092,0.9038,67.38999938964844
755,1096,0.3563,69.5199966430664
756,1097,0.17505384615384617,71.33000183105469
757,1098,-0.296,73.0999984741211
758,1099,0.46045,73.5999984741211
759,1102,0.24815,74.80000305175781
760,1103,0.47847999999999996,74.9000015258789
761,1104,0.19283333333333333,75.5999984741211
762,1105,0.4224666666666667,77.05000305175781
763,1106,-0.2202,77.97000122070312
764,1110,0.1579111111111111,77.16999816894531
765,1111,0.43570000000000003,77.20999908447266
766,1112,0.1718111111111111,76.37000274658203
767,1113,0.16377906976744186,76.41999816894531
768,1116,0.274825,79.79000091552734
769,1117,0.39263000000000003,79.20999908447266
770,1118,0.405976,78.18000030517578
771,1119,-0.28595,77.33000183105469
772,1120,0.0,77.61000061035156
773,1123,0.7783,76.37999725341797
774,1124,0.142975,74.54000091552734
775,1125,0.8176,73.58000183105469
776,1126,0.1023,75.51000213623047
777,1127,0.027700000000000002,73.69000244140625
778,1130,-0.018285714285714287,71.3499984741211
779,1131,-0.09358333333333334,71.04000091552734
780,1132,-0.01644545454545453,69.75
781,1133,0.03571428571428571,67.4000015258789
782,1134,0.0,65.19000244140625
783,1137,0.0,66.83999633789062
784,1138,0.4404,65.91999816894531
785,1139,0.28668,65.87000274658203
786,1140,0.0,66.20999908447266
787,1141,0.0,66.27999877929688
788,1145,0.0,65.61000061035156
789,1146,0.1508857142857143,64.4000015258789
790,1147,0.7717,64.95999908447266
791,1148,0.4706,66.5
792,1151,0.23145555555555555,66.7300033569336
793,1152,0.6291833333333333,66.91000366210938
794,1153,-0.2946666666666667,65.63999938964844
795,1154,0.3103142857142857,65.22000122070312
796,1155,0.24249166666666666,65.47000122070312
797,1158,0.27205,66.16000366210938
798,1159,-0.07543333333333334,66.62999725341797
799,1160,0.1476714285714286,66.2300033569336
800,1161,0.1468,66.73999786376953
801,1162,0.3917,68.77999877929688
802,1165,-0.023574999999999992,68.08999633789062
803,1166,0.38915,67.13999938964844
804,1167,0.187175,66.43000030517578
805,1168,-0.38126666666666664,65.3499984741211
806,1169,0.0,66.0999984741211
807,1172,0.20955,64.69999694824219
808,1173,0.0,65.55999755859375
809,1174,0.38615,67.73999786376953
810,1175,0.521525,65.5199966430664
811,1176,0.0,64.13999938964844
812,1179,0.36184000000000005,64.45999908447266
813,1180,0.20404615384615382,64.4800033569336
814,1181,0.2202,63.209999084472656
815,1182,-0.28802000000000005,64.77999877929688
816,1186,-0.001079999999999981,63.47999954223633
817,1187,0.48439999999999994,64.79000091552734
818,1188,0.0,64.80999755859375
819,1189,0.0,65.7699966430664
820,1190,0.0,64.36000061035156
821,1193,-0.10049999999999999,64.26000213623047
822,1194,0.38915,66.70999908447266
823,1195,0.0,67.55000305175781
824,1196,0.0,67.55999755859375
825,1197,0.47867499999999996,67.94999694824219
826,1200,0.0794875,68.5199966430664
827,1201,0.29314,68.66000366210938
828,1202,0.10495999999999998,70.33999633789062
829,1203,0.21401176470588235,70.27999877929688
830,1204,0.26526666666666665,69.2300033569336
831,1207,0.48458181818181817,68.91000366210938
832,1208,0.3900666666666667,68.27999877929688
833,1209,0.14139374999999998,69.0999984741211
834,1210,0.12765,69.47000122070312
835,1211,0.24882500000000002,69.08000183105469
836,1214,-0.28064,68.55999755859375
837,1215,0.32296,68.4000015258789
838,1216,0.47155,68.66000366210938
839,1217,0.5613333333333334,67.72000122070312
840,1218,0.324625,68.79000091552734
841,1221,0.06688888888888887,69.20999908447266
842,1222,0.0,69.54000091552734
843,1223,0.281725,70.87999725341797
844,1224,0.0593,71.12000274658203
845,1225,0.5994,71.08000183105469
846,1228,0.17315,71.5999984741211
847,1229,0.20883333333333332,71.5999984741211
848,1230,0.41463333333333335,73.11000061035156
849,1231,0.47865714285714284,74.43000030517578
850,1232,0.16219999999999996,74.29000091552734
851,1235,0.47576363636363633,75.02999877929688
852,1236,0.3592,73.7300033569336
853,1237,-0.5601333333333333,73.44999694824219
854,1238,0.2732,71.22000122070312
855,1239,0.3675333333333333,68.5999984741211
856,1243,-0.019285714285714288,68.06999969482422
857,1244,0.308675,69.4800033569336
858,1245,0.032400000000000005,68.66999816894531
859,1246,0.38175000000000003,68.95999908447266
860,1249,0.3313,69.06999969482422
861,1250,0.45116666666666666,68.45999908447266
862,1251,0.15666666666666668,68.88999938964844
863,1252,-0.07114999999999999,69.5999984741211
864,1253,0.41873333333333335,69.43000030517578
865,1256,0.42165,69.87000274658203
866,1257,0.526325,68.5999984741211
867,1258,0.53232,67.97000122070312
868,1259,0.64775,68.33000183105469
869,1260,0.0,66.83000183105469
870,1263,0.23424999999999999,67.04000091552734
871,1264,0.5736,65.69999694824219
872,1265,0.24810000000000001,65.55000305175781
873,1266,0.09106666666666667,64.79000091552734
874,1267,0.0,66.58000183105469
875,1270,-0.02447142857142857,65.43000030517578
876,1271,0.24757142857142855,66.0199966430664
877,1272,0.148,66.80999755859375
878,1273,0.47924,67.01000213623047
879,1274,0.0,67.02999877929688
880,1277,0.8853,65.20999908447266
881,1278,0.5274222222222222,65.83999633789062
882,1280,0.0,66.43000030517578
883,1281,0.41050000000000003,67.02999877929688
884,1284,0.2679333333333333,68.33999633789062
885,1285,0.0,69.48999786376953
886,1286,0.13999999999999999,68.33999633789062
887,1287,-0.5719,67.47000122070312
888,1288,0.0,68.08000183105469
889,1291,0.14285714285714285,67.41999816894531
890,1292,0.4465454545454545,66.73999786376953
891,1293,0.48889999999999995,67.05999755859375
892,1294,0.25448333333333334,66.91999816894531
893,1295,0.31074242424242426,66.08999633789062
894,1298,0.5913363636363637,65.73999786376953
895,1299,0.029983333333333344,65.5199966430664
896,1300,0.14264615384615384,65.77999877929688
897,1301,0.005718181818181813,66.86000061035156
898,1302,0.34099999999999997,67.04000091552734
899,1305,0.38242,67.58000183105469
900,1306,0.011849999999999972,67.5199966430664
901,1307,0.44026666666666664,66.66000366210938
902,1308,0.49756666666666666,65.94000244140625
903,1309,0.5854333333333334,65.88999938964844
904,1312,0.5106,65.73999786376953
905,1313,-0.5574,66.68000030517578
906,1314,-0.030199999999999994,66.41000366210938
907,1315,0.0,65.4000015258789
908,1316,0.8074,66.04000091552734
909,1319,0.0,64.97000122070312
910,1320,-0.6808,64.80000305175781
911,1321,0.3062,62.290000915527344
912,1322,0.296,62.4900016784668
913,1323,0.0774,62.83000183105469
914,1326,0.8074,63.5
915,1327,0.054074999999999984,64.76000213623047
916,1328,0.5106,65.08999633789062
917,1329,0.57265,64.6500015258789
918,1330,0.2472,65.25
919,1333,0.3062,64.8499984741211
920,1334,0.5360833333333334,64.06999969482422
921,1335,0.32908,64.48999786376953
922,1336,0.1468,64.33999633789062
923,1337,-0.09035000000000001,63.15999984741211
924,1341,0.4179833333333333,61.91999816894531
925,1342,0.3064857142857143,61.02000045776367
926,1343,0.5106,60.209999084472656
927,1344,0.15466666666666665,59.70000076293945
928,1347,0.12113333333333332,59.97999954223633
929,1348,0.157,60.31999969482422
930,1349,-0.14675,60.81999969482422
931,1350,0.4532333333333334,61.02000045776367
932,1351,0.53505,61.22999954223633
933,1354,0.38739999999999997,60.970001220703125
934,1355,0.101175,60.9900016784668
935,1356,0.25753333333333334,61.22999954223633
936,1357,0.7108333333333334,61.56999969482422
937,1358,0.6583333333333333,61.130001068115234
938,1361,0.62885,61.599998474121094
939,1362,-0.19775000000000004,62.529998779296875
940,1363,0.57265,60.880001068115234
941,1364,0.7776,61.16999816894531
942,1365,0.321575,60.91999816894531
943,1368,-0.21045,61.59000015258789
944,1369,0.08492499999999997,61.88999938964844
945,1370,-0.011339999999999994,62.619998931884766
946,1371,0.0,62.849998474121094
947,1372,0.0,63.0
948,1375,0.0,62.939998626708984
949,1376,-0.22160000000000002,63.11000061035156
950,1377,-0.07014999999999999,60.81999969482422
951,1378,0.4037,59.119998931884766
952,1379,0.57535,59.33000183105469
953,1382,0.1121,59.54999923706055
954,1383,-0.07035000000000002,59.68000030517578
955,1384,-0.11934615384615385,59.2400016784668
956,1385,0.052925,58.43000030517578
957,1386,0.31455,58.470001220703125
958,1389,0.39096000000000003,56.810001373291016
959,1390,-0.0841909090909091,55.09000015258789
960,1391,0.25366,53.0099983215332
961,1392,-0.12983333333333333,53.29999923706055
962,1393,0.4179,52.900001525878906
963,1396,0.22673333333333334,51.45000076293945
964,1397,0.21597999999999998,52.31999969482422
965,1398,0.743,51.310001373291016
966,1399,0.57575,51.65999984741211
967,1400,0.4939,51.400001525878906
968,1403,0.5106,51.959999084472656
969,1404,0.12475,52.08000183105469
970,1405,0.0,52.31999969482422
971,1406,0.7579,51.58000183105469
972,1407,0.73445,50.400001525878906
973,1410,0.577,49.45000076293945
974,1411,-0.024860000000000014,47.34000015258789
975,1412,-0.02702,47.810001373291016
976,1413,-0.17390000000000003,48.08000183105469
977,1414,-0.2027,48.220001220703125
978,1417,0.4895,48.310001373291016
979,1418,-0.9371,46.900001525878906
980,1419,0.0,47.63999938964844
981,1421,0.0,46.369998931884766
982,1424,-0.379025,46.630001068115234
983,1425,0.3877857142857143,46.20000076293945
984,1426,0.34106666666666663,46.40999984741211
985,1427,0.6249,45.900001525878906
986,1428,0.0,45.099998474121094
987,1431,0.24785000000000001,46.29999923706055
988,1432,0.08303999999999999,44.119998931884766
989,1434,0.18348,42.31999969482422
990,1435,0.0,43.040000915527344
991,1438,0.3723,41.970001220703125
992,1439,-0.26395,41.2400016784668
993,1440,-0.07693333333333334,41.439998626708984
994,1441,0.0,41.02000045776367
995,1442,0.0,39.099998474121094
996,1445,0.16633333333333333,39.04999923706055
997,1446,-0.2176,37.84000015258789
998,1447,0.37392000000000003,37.790000915527344
999,1448,0.5267,36.20000076293945
1000,1449,0.43288000000000004,35.70000076293945
1001,1452,0.0,35.189998626708984
1002,1454,0.028459999999999996,36.61000061035156
1003,1455,0.0,36.33000183105469
1004,1456,-0.5187,36.599998474121094
1005,1459,0.4939,36.08000183105469
1006,1461,0.20417999999999997,37.20000076293945
1007,1462,0.0,37.599998474121094
1008,1463,-0.32170000000000004,39.09000015258789
1009,1466,0.12905714285714284,40.16999816894531
1010,1467,0.1753428571428571,40.66999816894531
1011,1468,0.3977428571428572,41.2400016784668
1012,1469,0.0,41.650001525878906
1013,1470,0.4233,41.7400016784668
1014,1473,0.18818000000000001,41.31999969482422
1015,1474,-0.14029375,41.720001220703125
1016,1475,-0.16862,41.25
1017,1476,0.26001111111111114,41.369998931884766
1018,1477,0.20475384615384615,44.72999954223633
1019,1481,0.1070470588235294,43.959999084472656
1020,1482,-0.2206,43.310001373291016
1021,1483,-0.47831999999999997,43.560001373291016
1022,1484,0.0,45.0
1023,1487,0.683,44.2400016784668
1024,1488,-0.07412500000000001,44.0
1025,1489,0.14082,45.0
1026,1490,0.25,44.209999084472656
1027,1491,0.61944,44.560001373291016
1028,1494,0.425975,44.599998474121094
1029,1495,0.3136625,45.13999938964844
1030,1496,0.42373333333333335,45.06999969482422
1031,1497,-0.8168666666666665,43.459999084472656
1032,1498,0.6490181818181818,42.779998779296875
1033,1501,0.5327333333333333,43.689998626708984
1034,1502,0.1798,44.060001373291016
1035,1503,0.24637499999999998,44.41999816894531
1036,1504,0.0,44.13999938964844
1037,1505,0.0,44.95000076293945
1038,1509,0.651825,45.540000915527344
1039,1510,0.31028,45.900001525878906
1040,1511,0.45402000000000003,44.720001220703125
1041,1512,0.0,44.36000061035156
1042,1515,0.0772,44.790000915527344
1043,1516,0.40685,44.310001373291016
1044,1517,0.4019,44.349998474121094
1045,1518,0.296,44.060001373291016
1046,1519,-0.0042,45.189998626708984
1047,1522,0.6319142857142858,45.2400016784668
1048,1523,0.018124999999999974,44.790000915527344
1049,1524,0.0,43.369998931884766
1050,1525,0.0,42.4900016784668
1051,1526,0.23828,41.290000915527344
1052,1529,0.9803,42.08000183105469
1053,1530,0.51256,42.59000015258789
1054,1531,0.576025,43.150001525878906
1055,1532,0.0,43.09000015258789
1056,1533,0.0,42.38999938964844
1057,1536,0.0,43.36000061035156
1058,1537,0.32986666666666664,43.25
1059,1538,0.0,44.290000915527344
1060,1539,0.0,44.220001220703125
1061,1540,0.0,42.470001220703125
1062,1543,0.1463375,42.470001220703125
1063,1544,-0.35590000000000005,43.04999923706055
1064,1545,0.36781,42.68000030517578
1065,1546,0.0,43.619998931884766
1066,1547,0.7351,43.56999969482422
1067,1550,0.40605,44.7599983215332
1068,1551,-0.6320666666666667,44.4900016784668
1069,1552,0.3601571428571429,43.59000015258789
1070,1553,0.6831999999999999,44.099998474121094
1071,1554,-0.08719999999999999,45.0
1072,1557,0.4770666666666667,46.16999816894531
1073,1558,0.21269999999999997,45.58000183105469
1074,1559,0.296,45.54999923706055
1075,1560,0.2232,45.310001373291016
1076,1561,0.7121500000000001,45.650001525878906
1077,1564,0.95915,46.400001525878906
1078,1565,0.28446666666666665,47.34000015258789
1079,1566,0.11753333333333332,47.40999984741211
1080,1567,0.310075,45.560001373291016
1081,1571,0.31242,45.849998474121094
1082,1572,0.22207142857142856,45.88999938964844
1083,1573,0.5042875,44.2400016784668
1084,1574,0.11333333333333334,43.29999923706055
1085,1575,-0.5216,43.29999923706055
1086,1578,0.296,43.43000030517578
1087,1579,0.33499999999999996,42.68000030517578
1088,1580,0.6391166666666667,41.369998931884766
1089,1581,0.8074,41.119998931884766
1090,1582,0.0,41.279998779296875
1091,1585,0.5106,41.2400016784668
1092,1586,0.376375,40.599998474121094
1093,1587,0.508,40.27000045776367
1094,1588,0.7783,40.27000045776367
1095,1589,0.0,39.560001373291016
1096,1592,0.0,38.15999984741211
1097,1593,0.54308,39.0
1098,1594,0.0,39.33000183105469
1099,1595,0.32926666666666665,39.86000061035156
1100,1596,0.8074,39.02000045776367
1101,1599,0.364125,39.119998931884766
1102,1600,0.0,39.5
1103,1601,0.37088,38.34000015258789
1104,1602,0.0,37.4900016784668
1105,1603,0.9595,37.0
1106,1607,-0.2382,36.5
1107,1608,0.15178333333333333,36.18000030517578
1108,1609,0.37460000000000004,35.18000030517578
1109,1610,-0.4939,34.689998626708984
1110,1613,0.3607666666666667,35.4900016784668
1111,1614,0.37843333333333334,35.72999954223633
1112,1615,0.0,34.939998626708984
1113,1616,0.0,35.04999923706055
1114,1617,0.40956000000000004,35.599998474121094
1115,1620,0.6416,35.470001220703125
1116,1621,0.6133,36.689998626708984
1117,1622,0.0,35.58000183105469
1118,1623,0.32668888888888886,36.790000915527344
1119,1624,0.0,35.93000030517578
1120,1627,0.3987833333333333,36.65999984741211
1121,1628,0.25874,36.93000030517578
1122,1629,0.0,36.5099983215332
1123,1630,0.12530000000000002,38.25
1124,1631,-0.03676666666666667,38.880001068115234
1125,1634,0.35436666666666666,38.650001525878906
1126,1635,0.47995714285714286,38.58000183105469
1127,1636,0.7076333333333333,39.02000045776367
1128,1637,0.5859,39.11000061035156
1129,1638,0.9306,39.7400016784668
1130,1641,0.23683333333333334,39.31999969482422
1131,1642,0.3167,39.18000030517578
1132,1643,0.4939,39.4900016784668
1133,1645,0.6369,39.56999969482422
1134,1648,0.46249999999999997,39.88999938964844
1135,1649,0.9123,40.20000076293945
1136,1650,0.0,40.619998931884766
1137,1651,0.0,40.970001220703125
1138,1652,0.5059833333333333,40.810001373291016
1139,1655,0.4372,40.470001220703125
1140,1656,0.1779,40.06999969482422
1141,1657,0.27568333333333334,38.630001068115234
1142,1658,0.17771666666666666,38.779998779296875
1143,1659,0.4883217391304348,38.709999084472656
1144,1662,0.39925,39.4900016784668
1145,1663,0.7108333333333334,39.75
1146,1664,0.59905,40.33000183105469
1147,1665,0.0,39.95000076293945
1148,1666,0.5318999999999999,40.0099983215332
1149,1669,0.0,39.209999084472656
1150,1670,0.50056,39.54999923706055
1151,1671,0.1027,39.970001220703125
1152,1672,-0.16693333333333335,38.5099983215332
1153,1673,0.486875,37.41999816894531
1154,1676,0.2553,35.9900016784668
1155,1677,0.6705,35.459999084472656
1156,1678,0.0,34.7400016784668
1157,1679,0.5738666666666666,35.209999084472656
1158,1680,0.0,34.529998779296875
1159,1683,-0.5953499999999999,34.27000045776367
1160,1684,0.35642,34.630001068115234
1161,1685,0.0,32.34000015258789
1162,1686,-0.18598,31.649999618530273
1163,1687,0.8492,32.720001220703125
1164,1690,-0.70175,34.099998474121094
1165,1691,0.6357666666666667,33.900001525878906
1166,1692,0.0,33.689998626708984
1167,1693,0.0,33.709999084472656
1168,1694,-0.17470000000000002,32.029998779296875
1169,1697,0.2535,31.59000015258789
1170,1698,0.550175,31.25
1171,1699,0.19733333333333333,31.6200008392334
1172,1700,0.0,32.2599983215332
1173,1701,0.130575,32.43000030517578
1174,1705,0.0,31.719999313354492
1175,1706,0.6400666666666667,32.97999954223633
1176,1707,-0.19099999999999998,34.060001373291016
1177,1708,0.0,34.20000076293945
1178,1711,0.525,36.22999954223633
1179,1712,0.8022833333333333,37.459999084472656
1180,1713,0.0,37.31999969482422
1181,1714,0.5423,36.900001525878906
1182,1715,0.74535,37.33000183105469
1183,1718,0.03300000000000003,39.310001373291016
1184,1719,0.5106,38.16999816894531
1185,1720,0.9022,38.029998779296875
1186,1721,0.08600000000000002,37.7599983215332
1187,1722,0.0,37.29999923706055
1188,1725,0.0,37.33000183105469
1189,1726,0.4568,35.560001373291016
1190,1727,-0.050549999999999984,35.2400016784668
1191,1728,0.7269,34.540000915527344
1192,1729,0.0,34.33000183105469
1193,1732,0.0,34.16999816894531
1194,1733,0.6369,32.70000076293945
1195,1734,-0.09150000000000003,31.760000228881836
1196,1735,0.49429999999999996,32.04999923706055
1197,1736,0.0,31.8799991607666
1198,1739,0.12689999999999999,31.799999237060547
1199,1740,0.0,30.709999084472656
1200,1741,0.296,30.899999618530273
1201,1742,0.0,31.06999969482422
1202,1743,0.11315,32.47999954223633
1203,1746,0.5994,32.56999969482422
1204,1747,0.34940000000000004,32.810001373291016
1205,1748,0.1072,31.950000762939453
1206,1749,0.0,31.889999389648438
1207,1750,0.05978,32.310001373291016
1208,1753,0.049509090909090905,33.59000015258789
1209,1754,0.187275,34.81999969482422
1210,1755,0.32953333333333334,35.33000183105469
1211,1756,-0.14579999999999999,35.11000061035156
1212,1757,-0.0258,35.09000015258789
1213,1760,0.0,35.02000045776367
1214,1761,0.16445,34.790000915527344
1215,1762,-0.9371,33.099998474121094
1216,1763,0.0,32.689998626708984
1217,1764,0.50615,34.439998626708984
1218,1767,0.26294,36.2400016784668
1219,1768,0.0,36.720001220703125
1220,1769,0.0,35.560001373291016
1221,1770,0.0,36.08000183105469
1222,1771,0.9971,36.34000015258789
1223,1774,0.0,36.40999984741211
1224,1775,0.1531,36.209999084472656
1225,1776,0.0,35.029998779296875
1226,1777,0.0,34.709999084472656
1227,1778,0.0,35.36000061035156
1228,1781,0.0,34.689998626708984
1229,1782,0.4334,34.310001373291016
1230,1783,0.05078000000000001,36.13999938964844
1231,1784,-0.7845,36.619998931884766
1232,1785,-0.025733333333333334,36.61000061035156
1233,1788,0.0,37.08000183105469
1234,1789,0.34,36.38999938964844
1235,1790,0.0,36.77000045776367
1236,1792,-0.128,36.20000076293945
1237,1795,-0.296,36.36000061035156
1238,1796,0.0,34.9900016784668
1239,1797,0.0,36.189998626708984
1240,1798,0.0,35.849998474121094
1241,1799,-0.011999999999999997,36.88999938964844
1242,1802,0.0,37.15999984741211
1243,1803,0.508425,37.34000015258789
1244,1804,0.7783,38.400001525878906
1245,1805,0.7735,39.06999969482422
1246,1806,0.5699,39.0
1247,1809,0.025799999999999972,39.400001525878906
1248,1810,0.0,39.459999084472656
1249,1811,0.0,39.619998931884766
1250,1812,0.1909,39.61000061035156
1251,1813,0.0,39.43000030517578
1252,1816,0.4767,40.790000915527344
1253,1817,0.0,40.650001525878906
1254,1819,0.41390000000000005,40.06999969482422
1255,1820,0.0,40.0
1256,1823,0.25,40.400001525878906
1257,1824,0.99965,40.20000076293945
1258,1826,0.7432333333333334,40.16999816894531
1259,1827,0.8384,40.560001373291016
1260,1830,0.25,40.81999969482422
1261,1831,-0.00645,40.61000061035156
1262,1832,-0.296,39.40999984741211
1263,1833,0.0,39.86000061035156
1264,1834,0.2263,39.83000183105469
1265,1837,0.25,39.22999954223633
1266,1838,-0.148,39.529998779296875
1267,1839,0.0,38.33000183105469
1268,1840,0.23120000000000002,38.779998779296875
1269,1841,0.31836,38.369998931884766
1270,1845,0.3289,36.95000076293945
1271,1846,0.030666666666666675,36.68000030517578
1272,1847,0.6638000000000001,36.43000030517578
1273,1848,0.0,35.77000045776367
1274,1851,-0.20190000000000002,33.959999084472656
1275,1852,0.0,33.959999084472656
1276,1853,0.0,33.72999954223633
1277,1854,0.5376000000000001,34.040000915527344
1278,1855,0.0,33.5099983215332
1279,1858,0.0,33.459999084472656
1280,1859,0.2202,34.06999969482422
1281,1860,0.0,35.06999969482422
1282,1861,0.0,34.5099983215332
1283,1862,0.1757,34.41999816894531
1284,1865,-0.8442,34.349998474121094
1285,1866,0.0,34.290000915527344
1286,1867,0.0,35.04999923706055
1287,1868,0.0,34.66999816894531
1288,1869,0.0,34.41999816894531
1289,1873,0.0,33.650001525878906
1290,1874,0.5267,34.290000915527344
1291,1875,0.0,33.83000183105469
1292,1876,0.0,33.38999938964844
1293,1879,0.0,30.93000030517578
1294,1880,0.8834,29.34000015258789
1295,1881,-0.08735,28.3799991607666
1296,1882,-0.2263,26.84000015258789
1297,1883,0.3954,27.09000015258789
1298,1886,0.0,27.790000915527344
1299,1887,0.6486,26.809999465942383
1300,1888,0.0,27.079999923706055
1301,1889,0.0,25.829999923706055
1302,1890,-0.0772,23.850000381469727
1303,1893,-0.9869,17.309999465942383
1304,1894,0.0,18.190000534057617
1305,1895,-0.1646,17.3799991607666
1306,1896,0.0,14.420000076293945
1307,1897,0.0,16.15999984741211
1308,1900,0.0,14.40999984741211
1309,1901,0.0,14.0
1310,1902,-0.4303,12.050000190734863
1311,1903,-0.7579,13.869999885559082
1312,1904,0.9992,14.279999732971191
1313,1907,0.0,12.829999923706055
1314,1908,-0.49720000000000003,14.649999618530273
1315,1909,0.2023,14.600000381469727
1316,1910,0.0,15.520000457763672
1317,1911,0.0,13.760000228881836
1318,1914,0.0,13.279999732971191
1319,1915,0.0,13.489999771118164
1320,1916,0.010050000000000003,12.59000015258789
1321,1917,-0.2023,13.880000114440918
1322,1918,-0.064,14.289999961853027
1323,1921,0.08275,15.670000076293945
1324,1922,0.0,16.469999313354492
1325,1923,0.0,17.280000686645508
1326,1924,0.9854,16.469999313354492
1327,1928,0.4019,15.949999809265137
1328,1929,-0.6808,15.539999961853027
1329,1930,-0.5267,14.729999542236328
1330,1931,-0.28636666666666666,14.050000190734863
1331,1932,0.23623333333333332,15.279999732971191
1332,1935,-0.623525,15.210000038146973
1333,1936,-0.4564272727272727,14.6899995803833
1334,1937,-0.3567,15.34000015258789
1335,1938,0.34,16.520000457763672
1336,1939,0.1655,16.110000610351562
1337,1942,-0.4767,16.049999237060547
1338,1943,0.0,16.149999618530273
1339,1944,0.34,18.200000762939453
1340,1945,0.0,16.81999969482422
1341,1946,0.0,15.75
1342,1949,0.34,16.229999542236328
1343,1950,0.0,16.25
1344,1951,0.0,15.819999694824219
1345,1952,0.0,16.729999542236328
1346,1953,0.0,18.049999237060547
1347,1956,0.0,17.360000610351562
1348,1957,0.8786,17.079999923706055
1349,1958,0.0,15.850000381469727
1350,1959,0.0,16.100000381469727
1351,1960,0.0,15.949999809265137
1352,1963,0.5384,17.950000762939453
1353,1964,0.0,17.110000610351562
1354,1965,0.11865,18.209999084472656
1355,1966,-0.16325,17.790000915527344
1356,1967,-0.11315,17.579999923706055
1357,1971,0.0,18.399999618530273
1358,1972,0.0,19.049999237060547
1359,1973,0.0,18.790000915527344
1360,1974,0.5423,18.469999313354492
1361,1977,0.0,18.43000030517578
1362,1978,0.0,18.860000610351562
1363,1979,0.0,19.610000610351562
1364,1980,0.0,20.329999923706055
1365,1981,0.17,21.989999771118164
1366,1984,0.8481,23.649999618530273
1367,1985,0.0,22.510000228881836
1368,1986,0.54725,20.959999084472656
1369,1987,0.0,18.510000228881836
1370,1988,0.9995,19.0
1371,1991,0.0,19.31999969482422
1372,1992,0.4581,19.549999237060547
1373,1993,0.3982,19.829999923706055
1374,1994,0.0,20.18000030517578
1375,1995,0.0,19.709999084472656
1376,1998,0.0,19.81999969482422
1377,1999,0.28595,19.56999969482422
1378,2000,0.802,17.860000610351562
1379,2001,0.0,18.420000076293945
1380,2002,0.0,17.440000534057617
1381,2005,0.0,18.010000228881836
1382,2006,0.0,18.389999389648438
1383,2007,0.0,17.719999313354492
1384,2008,0.0,17.979999542236328
1385,2012,-0.8074,18.75
1386,2013,0.0,18.18000030517578
1387,2014,0.0,18.06999969482422
1388,2015,0.6597,17.1299991607666
1389,2016,0.0,17.790000915527344
1390,2019,0.0,17.3799991607666
1391,2020,0.0,18.389999389648438
1392,2021,0.0,18.899999618530273
1393,2022,0.0,18.81999969482422
1394,2023,0.2263,18.6200008392334
1395,2026,0.0,18.440000534057617
1396,2027,0.3182,19.559999465942383
1397,2028,0.0,19.170000076293945
1398,2029,0.0,19.299999237060547
1399,2030,-0.30408666666666667,19.479999542236328
1400,2033,0.0,19.68000030517578
1401,2034,0.0,19.149999618530273
1402,2035,0.0,19.43000030517578
1403,2036,0.34,18.440000534057617
1404,2037,-0.5859,18.139999389648438
1405,2040,0.0,18.719999313354492
1406,2041,0.34,19.229999542236328
1407,2042,0.9919,19.5
1408,2043,0.0,19.31999969482422
1409,2044,0.4588,19.6299991607666
1410,2047,0.0,20.219999313354492
1411,2048,0.0,20.299999237060547
1412,2049,0.0,20.360000610351562
1413,2050,0.0,19.8700008392334
1414,2051,0.0,20.06999969482422
1415,2054,0.0,20.010000228881836
1416,2055,0.0,19.770000457763672
1417,2056,0.0,19.719999313354492
1418,2057,0.0,18.770000457763672
1419,2058,0.0,18.579999923706055
1420,2061,0.0,19.549999237060547
1421,2062,0.0,19.260000228881836
1422,2063,0.0,18.670000076293945
1423,2064,0.0,18.700000762939453
1424,2065,0.0,19.420000076293945
1425,2068,0.5454,19.010000228881836
1426,2069,0.5469375,18.6299991607666
1427,2070,0.7977000000000001,18.770000457763672
1428,2071,0.891,19.1200008392334
1429,2072,-0.06130000000000001,19.309999465942383
1430,2076,0.56385,18.3799991607666
1431,2077,0.0,18.610000610351562
1432,2078,0.1237,17.709999084472656
1433,2079,0.0,17.8700008392334
1434,2082,0.0,18.030000686645508
1435,2083,0.6597,18.200000762939453
1436,2084,0.0,19.18000030517578
1437,2085,0.0,19.079999923706055
1438,2086,0.0,18.729999542236328
1439,2089,-0.5177,17.270000457763672
1440,2090,-0.24256666666666668,17.329999923706055
1441,2091,0.0,16.610000610351562
1442,2092,0.7501,16.6200008392334
1443,2093,0.539,15.920000076293945
1444,2096,0.0,16.450000762939453
1445,2097,0.0,15.600000381469727
1446,2098,0.0,15.5600004196167
1447,2099,0.37505,15.010000228881836
1448,2100,0.0,15.569999694824219
1449,2103,0.0,16.06999969482422
1450,2104,0.0,15.670000076293945
1451,2105,0.0,15.949999809265137
1452,2106,0.0,16.43000030517578
1453,2107,0.0,16.229999542236328
1454,2110,0.0,16.1200008392334
1455,2111,-0.296,15.729999542236328
1456,2112,0.0,15.949999809265137
1457,2113,0.48369999999999996,16.420000076293945
1458,2114,-0.0798181818181818,14.970000267028809
1459,2117,0.0,15.010000228881836
1460,2118,0.0,15.489999771118164
1461,2119,0.0,15.010000228881836
1462,2120,0.0,15.300000190734863
1463,2121,0.296,15.399999618530273
1464,2124,0.0,15.170000076293945
1465,2125,0.0,15.09000015258789
1466,2126,0.0,14.180000305175781
1467,2127,0.0,14.449999809265137
1468,2128,0.64655,14.9399995803833
1469,2131,0.30473333333333336,15.579999923706055
1470,2132,0.0,15.760000228881836
1471,2133,0.0,15.970000267028809
1472,2134,0.0,15.520000457763672
1473,2135,0.0,15.220000267028809
1474,2138,0.0,18.25
1475,2139,0.0,18.309999465942383
1476,2140,0.0,17.709999084472656
1477,2141,0.8779,17.299999237060547
1478,2142,0.0,18.0
1479,2145,0.0,20.040000915527344
1480,2146,0.7096,20.09000015258789
1481,2147,0.0,19.969999313354492
1482,2148,0.0,20.459999084472656
1483,2149,0.9666,20.209999084472656
1484,2152,0.0,21.610000610351562
1485,2153,0.0,22.229999542236328
1486,2154,0.0,22.100000381469727
1487,2156,0.0,21.8799991607666
1488,2159,0.0,20.790000915527344
1489,2160,0.0,21.06999969482422
1490,2161,0.0,21.639999389648438
1491,2162,0.7964,22.06999969482422
1492,2163,0.0,23.450000762939453
1493,2166,0.0,22.829999923706055
1494,2167,0.0,23.229999542236328
1495,2168,0.0,23.3700008392334
1496,2169,-0.3532,23.3799991607666
1497,2170,0.0,22.940000534057617
1498,2173,0.9136,22.18000030517578
1499,2174,0.0,22.969999313354492
1500,2175,0.0,22.84000015258789
1501,2176,0.0,22.93000030517578
1502,2177,-0.2263,22.309999465942383
1503,2180,0.0,21.780000686645508
1504,2181,0.0,21.360000610351562
1505,2182,0.0,21.920000076293945
1506,2183,0.0,21.639999389648438
1507,2187,0.0,21.56999969482422
1508,2188,0.0,21.3799991607666
1509,2189,0.0,21.8799991607666
1510,2190,0.0,21.829999923706055
1511,2194,0.9567000000000001,21.950000762939453
1512,2195,0.836,23.1299991607666
1513,2196,0.0,24.40999984741211
1514,2197,0.0,24.8799991607666
1515,2198,0.0,24.84000015258789
1516,2201,0.7845,24.989999771118164
1517,2202,0.0,26.139999389648438
1518,2203,0.59885,25.459999084472656
1519,2204,0.0,25.959999084472656
1520,2205,0.4766,24.90999984741211
1521,2209,0.7184666666666666,25.420000076293945
1522,2210,0.0,25.350000381469727
1523,2211,0.709125,24.190000534057617
1524,2212,0.09843846153846154,24.40999984741211
1525,2215,0.8364499999999999,23.739999771118164
1526,2216,0.81055,22.739999771118164
1527,2217,0.46019999999999994,21.809999465942383
1528,2218,0.0,22.639999389648438
1529,2219,0.0,22.209999084472656
1530,2222,0.0,22.15999984741211
1531,2223,0.0,22.510000228881836
1532,2224,0.0,24.18000030517578
1533,2225,0.0,24.809999465942383
1534,2226,0.0,25.010000228881836
1535,2229,0.91005,25.989999771118164
1536,2230,0.0,26.0
1537,2231,0.0,26.6200008392334
1538,2232,0.0,26.3700008392334
1539,2233,0.0,26.770000457763672
1540,2237,0.0,26.809999465942383
1541,2238,0.0,26.8700008392334
1542,2239,0.0,25.579999923706055
1543,2240,-0.1945,26.1200008392334
1544,2243,-0.14215000000000003,27.540000915527344
1545,2244,0.0,27.739999771118164
1546,2245,0.0,29.40999984741211
1547,2246,0.6358,28.510000228881836
1548,2247,0.0,27.90999984741211
1549,2250,0.0,28.719999313354492
1550,2251,0.0,28.139999389648438
1551,2252,0.0,28.3700008392334
1552,2253,0.212275,28.579999923706055
1553,2254,0.9136,29.06999969482422
1554,2257,0.0,29.709999084472656
1555,2258,0.0,29.350000381469727
1556,2259,0.0,29.950000762939453
1557,2260,0.0,29.399999618530273
1558,2261,0.0,29.010000228881836
1559,2264,0.0,29.1200008392334
1560,2265,0.0,28.059999465942383
1561,2266,-0.2263,28.309999465942383
1562,2267,0.8632,27.25
1563,2268,-0.4939,27.049999237060547
1564,2271,0.454,27.649999618530273
1565,2272,0.0,26.670000076293945
1566,2273,0.9337,27.420000076293945
1567,2274,-0.0772,27.399999618530273
1568,2275,0.0,28.309999465942383
1569,2278,0.853925,27.700000762939453
1570,2279,0.0,27.219999313354492
1571,2280,0.0,27.190000534057617
1572,2281,0.7537333333333334,28.100000381469727
1573,2285,0.0,27.549999237060547
1574,2286,0.0,27.440000534057617
1575,2287,0.9477,27.350000381469727
1576,2288,0.0,27.059999465942383
1577,2289,0.8210500000000001,26.760000228881836
1578,2292,-0.615525,26.540000915527344
1579,2293,0.0,26.040000915527344
1580,2294,0.8948,27.309999465942383
1581,2295,0.0,26.65999984741211
1582,2296,0.435525,26.290000915527344
1583,2299,0.8840250000000001,26.530000686645508
1584,2300,0.5263,25.25
1585,2301,0.0,25.729999542236328
1586,2302,0.8977333333333334,25.25
1587,2303,0.2963,25.709999084472656
1588,2306,0.8603000000000001,26.3700008392334
1589,2307,0.0,26.18000030517578
1590,2308,0.9054666666666668,27.360000610351562
1591,2309,0.8945,27.81999969482422
1592,2310,-0.126,27.049999237060547
1593,2313,0.0,28.219999313354492
1594,2314,0.2145,28.389999389648438
1595,2315,0.3382,30.34000015258789
1596,2316,0.0,30.729999542236328
1597,2317,0.0,31.889999389648438
1598,2320,0.843575,31.6299991607666
1599,2321,0.0,31.260000228881836
1600,2322,0.0,32.099998474121094
1601,2323,0.61235,31.760000228881836
1602,2324,0.0,32.810001373291016
1603,2327,0.0,34.04999923706055
1604,2328,0.5292,33.06999969482422
1605,2329,0.0,32.0
1606,2330,0.7749999999999999,31.770000457763672
1607,2331,0.0,31.950000762939453
1608,2334,0.0,31.700000762939453
1609,2335,0.0,31.239999771118164
1610,2336,0.0,31.549999237060547
1611,2337,0.0,31.34000015258789
1612,2338,0.4930285714285714,31.329999923706055
1613,2342,0.5203,32.93000030517578
1614,2343,0.7285750000000001,35.459999084472656
1615,2344,0.5812,36.52000045776367
1616,2345,0.0,36.41999816894531
1617,2348,0.8495666666666667,35.83000183105469
1618,2349,0.0,35.900001525878906
1619,2350,0.0,35.7599983215332
1620,2351,0.9803333333333333,34.939998626708984
1621,2352,0.0,34.88999938964844
1622,2355,0.0,34.04999923706055
1623,2356,0.7981000000000001,34.189998626708984
1624,2357,0.8977,34.040000915527344
1625,2358,0.0,32.470001220703125
1626,2359,0.0,31.290000915527344
1627,2362,0.7894571428571429,33.119998931884766
1628,2363,0.8616666666666667,33.02000045776367
1629,2364,0.63538,32.880001068115234
1630,2365,0.0,33.2599983215332
1631,2366,0.037049999999999986,33.349998474121094
1632,2369,0.0,32.02000045776367
1633,2370,0.7725333333333334,31.8799991607666
1634,2371,0.3731,32.0099983215332
1635,2372,0.0,33.06999969482422
1636,2373,0.0,32.790000915527344
1637,2377,0.7761666666666667,31.170000076293945
1638,2378,0.9231,30.68000030517578
1639,2379,0.8192999999999999,30.530000686645508
1640,2380,0.0,31.190000534057617
1641,2383,0.0,31.219999313354492
1642,2384,0.76605,30.610000610351562
1643,2385,0.7506,29.549999237060547
1644,2386,0.9776,28.729999542236328
1645,2387,0.6758333333333333,27.8700008392334
1646,2390,0.0,26.649999618530273
1647,2391,0.60555,27.239999771118164
1648,2392,0.66135,28.43000030517578
1649,2393,0.2732,27.979999542236328
1650,2394,0.4895736842105263,28.40999984741211
1651,2397,0.0,29.459999084472656
1652,2398,0.0,29.18000030517578
1653,2399,0.0,29.31999969482422
1654,2400,0.0,29.639999389648438
1655,2401,0.0,28.829999923706055
1656,2404,0.0,28.5
1657,2405,0.0,28.899999618530273
1658,2406,0.8303,27.6299991607666
1659,2407,0.0,27.920000076293945
1660,2408,0.0,28.420000076293945
1661,2411,-0.5859,27.989999771118164
1662,2412,0.0,28.420000076293945
1663,2413,0.0,28.979999542236328
1664,2414,0.0,28.549999237060547
1665,2415,0.67218,28.350000381469727
1666,2418,0.0,27.780000686645508
1667,2419,0.459575,27.190000534057617
1668,2420,0.0,26.809999465942383
1669,2421,0.0,26.440000534057617
1670,2422,0.0,26.459999084472656
1671,2425,0.0,27.489999771118164
1672,2426,0.0,28.219999313354492
1673,2427,0.60615,28.450000762939453
1674,2428,0.0,28.1299991607666
1675,2429,0.8316,29.079999923706055
1676,2432,0.0,28.280000686645508
1677,2433,0.4329,28.040000915527344
1678,2434,0.0,27.979999542236328
1679,2435,0.0,28.610000610351562
1680,2436,0.0,28.09000015258789
1681,2440,0.0,27.829999923706055
1682,2441,0.908975,26.65999984741211
1683,2442,0.0,26.6200008392334
1684,2443,0.278125,26.780000686645508
1685,2446,0.4713,28.110000610351562
1686,2447,0.0,27.670000076293945
1687,2448,0.0,29.239999771118164
1688,2449,0.5634625,28.860000610351562
1689,2450,0.0,28.309999465942383
1690,2453,0.0,27.25
1691,2454,0.0,26.93000030517578
1692,2455,0.4467,27.149999618530273
1693,2456,0.5423,28.8799991607666
1694,2457,0.22619999999999998,29.010000228881836
1695,2460,0.4637,30.190000534057617
1696,2461,0.79165,30.90999984741211
1697,2462,0.0,30.329999923706055
1698,2463,0.8489599999999999,29.639999389648438
1699,2464,0.71995,30.360000610351562
1700,2467,0.4687666666666667,30.8799991607666
1701,2468,0.0,30.59000015258789
1702,2469,0.8492999999999999,29.940000534057617
1703,2470,0.8141285714285714,31.020000457763672
1704,2471,0.0,31.65999984741211
1705,2474,0.0,32.459999084472656
1706,2475,0.90018,32.880001068115234
1707,2476,0.0,32.7599983215332
1708,2477,0.0,33.52000045776367
1709,2478,0.6152124999999999,34.0
1710,2481,0.34026666666666666,34.15999984741211
1711,2482,0.4516,34.540000915527344
1712,2483,0.434,34.7400016784668
1713,2484,0.8693500000000001,34.29999923706055
1714,2485,0.23657058823529412,33.90999984741211
1715,2488,0.5530333333333334,34.36000061035156
1716,2489,0.70015,34.2599983215332
1717,2490,0.0,32.540000915527344
1718,2491,0.3612,33.29999923706055
1719,2492,0.9313,32.2599983215332
1720,2495,0.36800000000000005,33.29999923706055
1721,2496,0.0,33.20000076293945
1722,2497,0.0,32.97999954223633
1723,2498,0.0,33.150001525878906
1724,2499,0.0,33.5099983215332
1725,2502,0.5427,34.29999923706055
1726,2503,0.0,34.13999938964844
1727,2504,0.81355,32.72999954223633
1728,2505,0.0,32.779998779296875
1729,2506,0.7422,32.7599983215332
1730,2509,0.0,32.720001220703125
1731,2510,0.0,32.88999938964844
1732,2511,0.0,32.060001373291016
1733,2512,0.8745,31.860000610351562
1734,2513,0.0,30.049999237060547
1735,2516,0.0,30.34000015258789
1736,2517,0.0,31.18000030517578
1737,2518,0.0,31.40999984741211
1738,2520,0.0,29.700000762939453
1739,2523,0.0,29.649999618530273
1740,2524,0.73475,28.68000030517578
1741,2525,0.71365,28.3799991607666
1742,2526,0.0,29.31999969482422
1743,2527,0.0,29.239999771118164
1744,2530,0.0,30.010000228881836
1745,2531,0.4477,30.760000228881836
1746,2532,0.5655,31.059999465942383
1747,2533,0.4308,30.6200008392334
1748,2534,0.84875,30.989999771118164
1749,2537,0.8336,29.829999923706055
1750,2538,0.8674,29.670000076293945
1751,2539,0.36345,29.309999465942383
1752,2540,0.4793,29.700000762939453
1753,2541,0.5614,28.969999313354492
1754,2544,0.0,28.469999313354492
1755,2545,0.0,29.450000762939453
1756,2546,0.09143333333333332,29.5
1757,2547,0.5556,29.56999969482422
1758,2551,0.0,29.84000015258789
1759,2552,0.64175,30.110000610351562
1760,2553,0.5092666666666666,29.649999618530273
1761,2554,0.0,29.81999969482422
1762,2555,0.0,29.950000762939453
1763,2558,0.0,31.719999313354492
1764,2559,0.0,33.2599983215332
1765,2560,0.29625,33.2599983215332
1766,2561,0.0,34.04999923706055
1767,2562,0.0,35.029998779296875
1768,2565,0.0,35.119998931884766
1769,2566,0.0,36.47999954223633
1770,2567,0.5896,36.45000076293945
1771,2568,0.0,36.16999816894531
1772,2569,0.3163666666666667,37.810001373291016
1773,2573,0.866475,37.540000915527344
1774,2574,0.63979,37.099998474121094
1775,2575,0.35672000000000004,37.04999923706055
1776,2576,0.026328000000000015,36.36000061035156
1777,2579,0.38024,36.599998474121094
1778,2580,0.18615,38.790000915527344
1779,2581,0.7599199999999999,39.79999923706055
1780,2582,0.4767,38.86000061035156
1781,2583,0.5898666666666667,39.68000030517578
1782,2586,0.21775000000000003,39.06999969482422
1783,2587,0.0,39.52000045776367
1784,2588,0.48006666666666664,39.25
1785,2589,0.7388250000000001,38.58000183105469
1786,2590,0.040600000000000025,38.5099983215332
1787,2593,0.8811,40.27000045776367
1788,2594,0.5054333333333333,38.900001525878906
1789,2595,0.6813,39.400001525878906
1790,2596,0.48935,39.16999816894531
1791,2597,0.0,40.619998931884766
1792,2600,0.9821,39.29999923706055
1793,2601,0.0,40.09000015258789
1794,2602,0.80225,41.689998626708984
1795,2603,0.0,41.11000061035156
1796,2604,0.0,40.209999084472656
1797,2608,0.0,39.54999923706055
1798,2609,0.0,39.7400016784668
1799,2610,-0.128,38.31999969482422
1800,2611,0.68025,39.45000076293945
1801,2614,0.4201,39.2400016784668
1802,2615,0.0,37.66999816894531
1803,2616,0.0,39.2400016784668
1804,2617,0.0,38.52000045776367
1805,2618,0.0,38.939998626708984
1806,2621,0.20386666666666667,42.099998474121094
1807,2622,0.33442857142857146,45.08000183105469
1808,2623,0.52125,42.560001373291016
1809,2624,0.937025,43.400001525878906
1810,2625,0.02536666666666665,42.900001525878906
1811,2628,0.0,41.54999923706055
1812,2629,0.3371333333333333,39.2599983215332
1813,2630,0.571625,37.880001068115234
1814,2631,0.0,39.5099983215332
1815,2632,0.9313,39.72999954223633
1816,2635,0.0232,41.189998626708984
1817,2636,0.0,41.20000076293945
1818,2637,0.899,42.40999984741211
1819,2638,0.32126666666666664,42.63999938964844
1820,2639,0.0,43.68000030517578
1821,2642,0.0,41.72999954223633
1822,2643,0.6191333333333334,42.630001068115234
1823,2644,0.28006666666666663,42.209999084472656
1824,2645,-0.5106,41.310001373291016
1825,2646,0.6124,41.689998626708984
1826,2649,0.0,41.54999923706055
1827,2650,0.0,40.459999084472656
1828,2651,0.9738,40.779998779296875
1829,2652,-0.6457666666666667,40.970001220703125
1830,2653,0.0,42.54999923706055
1831,2656,0.0,41.33000183105469
1832,2657,0.1288857142857143,41.529998779296875
1833,2658,-0.5772222222222222,42.56999969482422
1834,2659,0.0,43.25
1835,2663,0.0,43.68000030517578
1836,2664,0.0,43.43000030517578
1837,2665,0.5423,42.68000030517578
1838,2666,0.7717000000000002,40.650001525878906
1839,2667,0.27280167865707433,41.650001525878906
1840,2670,0.0,38.689998626708984
1841,2671,0.0,39.540000915527344
1842,2672,0.6908000000000001,39.95000076293945
1843,2673,0.0,40.11000061035156
1844,2674,0.516,39.0099983215332
1845,2677,0.0,39.11000061035156
1846,2678,0.34,40.150001525878906
1847,2679,0.0,42.599998474121094
1848,2680,0.6597,42.08000183105469
1849,2681,0.7003,43.029998779296875
1850,2684,0.0,38.040000915527344
1851,2685,0.0,37.88999938964844
1852,2686,0.0,38.369998931884766
1853,2687,0.0,39.029998779296875
1854,2688,0.0,40.7400016784668
1855,2691,0.0,42.13999938964844
1856,2692,0.0,42.95000076293945
1857,2693,0.42255000000000004,41.130001068115234
1858,2694,0.0,40.849998474121094
1859,2695,0.0,41.119998931884766
1860,2698,0.0,43.810001373291016
1861,2699,0.7783000000000001,43.900001525878906
1862,2700,0.0,45.04999923706055
1863,2701,0.0,46.689998626708984
1864,2702,0.0,48.209999084472656
